INSERT INTO `genre` (`id`, `name`) VALUES
(1,	'Science-fiction'),
(2,	'Film de vampires'),
(3,	'Masala'),
(4,	'Film autobiographique'),
(5,	'Cinéma amateur'),
(6,	'Film érotique'),
(7,	'Film fantastique'),
(8,	'Americana'),
(9,	'Portrait'),
(10,	'Film historique'),
(11,	'Film de cape et d\'épée'),
(12,	'Chanbara'),
(13,	'Film de super-héros'),
(14,	'Film à sketches'),
(15,	'Art vidéo'),
(16,	'Film policier'),
(17,	'Film d\'horreur'),
(18,	'Sérial'),
(19,	'Docufiction'),
(20,	'Péplum');

INSERT INTO `movie` (`id`, `title`, `release_date`, `duration`) VALUES
(1,	'Epic Movie',	'1992-12-21',	224),
(2,	'The Jungle Book',	'2010-01-27',	21),
(3,	'Pirates of the Caribbean: Dead Man\'s Chest',	'2021-10-27',	231),
(4,	'Honey, I Shrunk the Kids',	'1991-10-16',	249),
(5,	'Ted',	'1970-02-19',	255),
(6,	'Bride Wars',	'1982-04-01',	26),
(7,	'Forrest Gump',	'1981-12-20',	100),
(8,	'The Breakfast Club',	'2014-08-22',	219),
(9,	'The Mummy',	'1967-07-14',	236),
(10,	'The Love Guru',	'1999-07-10',	255),
(11,	'The Fantastic Four',	'2011-03-02',	204),
(12,	'Shutter Island',	'2014-01-12',	255),
(13,	'How to Train Your Dragon (2010)',	'1964-09-14',	94),
(14,	'In the Name of the Father',	'1974-06-22',	152),
(15,	'Crazy, Stupid, Love.',	'1980-12-30',	255),
(16,	'Doctor Dolittle',	'2019-07-01',	255),
(17,	'Jurassic Park',	'2002-09-08',	155),
(18,	'Primal Fear',	'1989-03-29',	186),
(19,	'The Strangers',	'1976-08-09',	94),
(20,	'Wreck It Ralph',	'1978-06-09',	212);

INSERT INTO `movie_genre` (`movie_id`, `genre_id`) VALUES
(1,	16),
(2,	14),
(2,	18),
(3,	1),
(3,	6),
(4,	15),
(5,	6),
(5,	11),
(6,	12),
(7,	5),
(7,	17),
(8,	4),
(8,	19),
(9,	12),
(10,	8),
(10,	10),
(11,	4),
(12,	2),
(12,	12),
(12,	19),
(13,	9),
(14,	12),
(14,	20),
(15,	7),
(16,	6),
(17,	16),
(18,	10),
(18,	16),
(19,	11),
(20,	11),
(20,	12);

INSERT INTO `season` (`id`, `number`, `episodes_count`, `movie_id`) VALUES
(1,	1,	6,	1),
(2,	2,	10,	1),
(3,	3,	6,	1),
(4,	4,	10,	1),
(5,	5,	10,	1),
(6,	6,	8,	1),
(7,	7,	8,	1),
(8,	1,	7,	3),
(9,	2,	8,	3),
(10,	3,	10,	3),
(11,	4,	9,	3),
(12,	5,	6,	3),
(13,	1,	6,	5),
(14,	2,	7,	5),
(15,	3,	6,	5),
(16,	4,	6,	5),
(17,	1,	9,	7),
(18,	2,	6,	7),
(19,	3,	6,	7),
(20,	4,	6,	7),
(21,	5,	6,	7),
(22,	6,	7,	7),
(23,	1,	10,	9),
(24,	2,	7,	9),
(25,	3,	8,	9),
(26,	4,	10,	9),
(27,	1,	8,	11),
(28,	2,	9,	11),
(29,	3,	7,	11),
(30,	4,	7,	11),
(31,	5,	7,	11),
(32,	1,	10,	13),
(33,	2,	6,	13),
(34,	3,	6,	13),
(35,	4,	10,	13),
(36,	5,	6,	13),
(37,	6,	6,	13),
(38,	1,	6,	15),
(39,	2,	7,	15),
(40,	3,	7,	15),
(41,	4,	6,	15),
(42,	5,	8,	15),
(43,	1,	8,	17),
(44,	2,	6,	17),
(45,	3,	9,	17),
(46,	4,	10,	17);